{"stats":{"minecraft:picked_up":{"minecraft:oak_log":4,"minecraft:oak_sapling":1},"minecraft:custom":{"minecraft:jump":4,"minecraft:time_since_rest":4405,"minecraft:leave_game":3,"minecraft:crouch_one_cm":73,"minecraft:time_since_death":4405,"minecraft:play_time":4405,"minecraft:walk_one_cm":2747,"minecraft:sneak_time":11,"minecraft:total_world_time":4405,"minecraft:interact_with_crafting_table":1},"minecraft:crafted":{"minecraft:crafting_table":1,"minecraft:oak_planks":4},"minecraft:used":{"minecraft:crafting_table":1},"minecraft:mined":{"minecraft:oak_log":4,"minecraft:oak_leaves":4}},"DataVersion":3465}