{"stats":{"minecraft:killed":{"minecraft:zombie":2},"minecraft:picked_up":{"minecraft:arrow":2,"minecraft:bone":2,"minecraft:rotten_flesh":4,"minecraft:wheat_seeds":1,"minecraft:oak_log":4,"minecraft:oak_sapling":2,"minecraft:dirt":31},"minecraft:mined":{"minecraft:grass":10,"minecraft:grass_block":7,"minecraft:oak_log":4,"minecraft:dirt":22,"minecraft:tall_grass":2,"minecraft:oak_leaves":4},"minecraft:used":{"minecraft:dirt":27,"minecraft:crafting_table":1,"minecraft:chest":1},"minecraft:dropped":{"minecraft:dirt":2,"minecraft:oak_sapling":1},"minecraft:crafted":{"minecraft:chest":1,"minecraft:oak_planks":16,"minecraft:crafting_table":1},"minecraft:custom":{"minecraft:open_chest":2,"minecraft:time_since_rest":75464,"minecraft:damage_taken":150,"minecraft:play_time":75464,"minecraft:crouch_one_cm":603,"minecraft:sprint_one_cm":20700,"minecraft:walk_one_cm":37474,"minecraft:sneak_time":1006,"minecraft:mob_kills":3,"minecraft:drop":3,"minecraft:jump":197,"minecraft:damage_dealt":282,"minecraft:leave_game":9,"minecraft:time_since_death":75464,"minecraft:total_world_time":75464,"minecraft:interact_with_crafting_table":22,"minecraft:fall_one_cm":2343,"minecraft:fly_one_cm":20757}},"DataVersion":3465}