{"stats":{"minecraft:custom":{"minecraft:mob_kills":12,"minecraft:interact_with_crafting_table":23,"minecraft:leave_game":13,"minecraft:time_since_death":26211,"minecraft:time_since_rest":26243,"minecraft:sprint_one_cm":171439,"minecraft:walk_one_cm":124116,"minecraft:damage_taken":1080,"minecraft:drop":3,"minecraft:damage_dealt":2557,"minecraft:swim_one_cm":14534,"minecraft:talked_to_villager":1,"minecraft:fly_one_cm":205622,"minecraft:open_chest":2,"minecraft:crouch_one_cm":1052,"minecraft:play_time":122737,"minecraft:deaths":1,"minecraft:sneak_time":1576,"minecraft:walk_under_water_one_cm":10931,"minecraft:jump":1231,"minecraft:walk_on_water_one_cm":8002,"minecraft:total_world_time":122737,"minecraft:fall_one_cm":25901},"minecraft:used":{"farmersdelight:cooked_rice":2,"craftingstation:crafting_station_slab":9,"minecraft:chest":1,"minecraft:wooden_pickaxe":29,"minecraft:rotten_flesh":4,"minecraft:dirt":27,"minecraft:crafting_table":2,"minecraft:carrot":47,"minecraft:campfire":1,"farmersdelight:rope":27,"craftingstation:crafting_station":1,"farmersdelight:cooking_pot":5},"minecraft:killed":{"minecraft:trader_llama":2,"minecraft:zombie":3,"minecraft:turtle":3,"minecraft:cow":2},"minecraft:mined":{"farmersdelight:cooking_pot":4,"craftingstation:crafting_station_slab":7,"minecraft:crafting_table":1,"minecraft:acacia_log":4,"minecraft:grass_block":13,"minecraft:dead_bush":2,"minecraft:tall_grass":5,"minecraft:sugar_cane":3,"craftingstation:crafting_station":1,"farmersdelight:wild_beetroots":3,"farmersdelight:sandy_shrub":1,"farmersdelight:wild_rice":8,"minecraft:grass":35,"minecraft:oak_log":8,"farmersdelight:rope":13,"minecraft:dirt":30,"minecraft:stone":21,"minecraft:oak_leaves":4},"minecraft:dropped":{"minecraft:dirt":2,"minecraft:oak_sapling":1},"minecraft:picked_up":{"minecraft:seagrass":5,"minecraft:crafting_table":1,"farmersdelight:rice":9,"minecraft:chest_minecart":1,"minecraft:leather":5,"minecraft:lead":2,"minecraft:oak_log":8,"minecraft:dirt":45,"craftingstation:crafting_station":1,"minecraft:bone":3,"minecraft:activator_rail":1,"minecraft:beetroot":1,"farmersdelight:cooking_pot":4,"minecraft:wheat_seeds":1,"minecraft:beef":5,"minecraft:sugar_cane":10,"minecraft:stick":2,"minecraft:torch":14,"minecraft:acacia_log":3,"minecraft:arrow":4,"minecraft:rotten_flesh":5,"minecraft:beetroot_seeds":6,"craftingstation:crafting_station_slab":8,"farmersdelight:rope":13,"minecraft:golden_apple":1,"minecraft:oak_sapling":2,"minecraft:coal":6,"minecraft:rail":5,"minecraft:cobblestone":21},"minecraft:crafted":{"minecraft:oak_planks":16,"farmersdelight:cooked_rice":2,"minecraft:crafting_table":2,"minecraft:wooden_pickaxe":1,"minecraft:bowl":4,"craftingstation:crafting_station":1,"minecraft:campfire":1,"craftingstation:crafting_station_slab":2,"minecraft:book":3,"minecraft:paper":9,"minecraft:stick":8,"minecraft:chest":1,"minecraft:acacia_planks":12}},"DataVersion":3465}