{"stats":{"minecraft:picked_up":{"minecraft:oak_log":4,"minecraft:oak_sapling":1},"minecraft:mined":{"minecraft:oak_log":4,"minecraft:oak_leaves":4},"minecraft:crafted":{"minecraft:crafting_table":1,"minecraft:oak_planks":4},"minecraft:custom":{"minecraft:jump":4,"minecraft:time_since_rest":6799,"minecraft:crouch_one_cm":73,"minecraft:leave_game":3,"minecraft:play_time":6799,"minecraft:time_since_death":6799,"minecraft:walk_one_cm":2789,"minecraft:sneak_time":11,"minecraft:total_world_time":6799,"minecraft:interact_with_crafting_table":3},"minecraft:used":{"minecraft:crafting_table":1}},"DataVersion":3465}