{"stats":{"minecraft:mined":{"minecraft:grass":1,"minecraft:grass_block":1,"minecraft:oak_log":4,"minecraft:dirt":9,"minecraft:oak_leaves":4},"minecraft:crafted":{"minecraft:oak_planks":16,"minecraft:crafting_table":1},"minecraft:picked_up":{"minecraft:rotten_flesh":2,"minecraft:oak_log":4,"minecraft:oak_sapling":2,"minecraft:dirt":12},"minecraft:custom":{"minecraft:time_since_rest":20130,"minecraft:sprint_one_cm":342,"minecraft:crouch_one_cm":73,"minecraft:play_time":20130,"minecraft:walk_one_cm":6006,"minecraft:sneak_time":11,"minecraft:drop":3,"minecraft:jump":21,"minecraft:leave_game":3,"minecraft:time_since_death":20130,"minecraft:total_world_time":20130,"minecraft:interact_with_crafting_table":8,"minecraft:fly_one_cm":28},"minecraft:used":{"minecraft:dirt":7,"minecraft:crafting_table":1},"minecraft:dropped":{"minecraft:dirt":2,"minecraft:oak_sapling":1}},"DataVersion":3465}