{"stats":{"minecraft:custom":{"minecraft:time_since_rest":20767,"minecraft:sprint_one_cm":151533,"minecraft:damage_taken":1030,"minecraft:walk_one_cm":112939,"minecraft:mob_kills":11,"minecraft:drop":3,"minecraft:damage_dealt":2547,"minecraft:talked_to_villager":1,"minecraft:swim_one_cm":13175,"minecraft:interact_with_crafting_table":23,"minecraft:fly_one_cm":191166,"minecraft:open_chest":2,"minecraft:crouch_one_cm":624,"minecraft:play_time":117261,"minecraft:deaths":1,"minecraft:sneak_time":1335,"minecraft:walk_under_water_one_cm":9446,"minecraft:jump":1160,"minecraft:leave_game":12,"minecraft:time_since_death":20735,"minecraft:walk_on_water_one_cm":7225,"minecraft:total_world_time":117261,"minecraft:fall_one_cm":24111},"minecraft:used":{"craftingstation:crafting_station_slab":8,"craftingstation:crafting_station":1,"minecraft:chest":1,"minecraft:wooden_pickaxe":29,"minecraft:rotten_flesh":4,"minecraft:dirt":27,"minecraft:crafting_table":2,"farmersdelight:cooking_pot":3,"minecraft:carrot":44,"farmersdelight:rope":27},"minecraft:killed":{"minecraft:trader_llama":2,"minecraft:zombie":3,"minecraft:turtle":3,"minecraft:cow":2},"minecraft:mined":{"farmersdelight:cooking_pot":3,"farmersdelight:wild_beetroots":3,"farmersdelight:sandy_shrub":1,"craftingstation:crafting_station_slab":7,"farmersdelight:wild_rice":8,"minecraft:crafting_table":1,"minecraft:grass":35,"minecraft:acacia_log":4,"minecraft:grass_block":13,"minecraft:oak_log":8,"farmersdelight:rope":13,"minecraft:dirt":30,"minecraft:tall_grass":5,"minecraft:stone":21,"minecraft:sugar_cane":3,"minecraft:oak_leaves":4,"craftingstation:crafting_station":1},"minecraft:dropped":{"minecraft:dirt":2,"minecraft:oak_sapling":1},"minecraft:picked_up":{"minecraft:seagrass":5,"minecraft:crafting_table":1,"farmersdelight:rice":9,"minecraft:chest_minecart":1,"minecraft:lead":2,"minecraft:leather":5,"minecraft:acacia_log":3,"minecraft:torch":14,"minecraft:oak_log":8,"minecraft:dirt":45,"craftingstation:crafting_station_slab":8,"craftingstation:crafting_station":1,"minecraft:arrow":4,"minecraft:bone":3,"minecraft:rotten_flesh":5,"minecraft:beetroot":1,"farmersdelight:cooking_pot":3,"minecraft:activator_rail":1,"minecraft:beetroot_seeds":6,"minecraft:wheat_seeds":1,"minecraft:beef":5,"minecraft:golden_apple":1,"farmersdelight:rope":13,"minecraft:oak_sapling":2,"minecraft:sugar_cane":10,"minecraft:coal":6,"minecraft:rail":5,"minecraft:cobblestone":21},"minecraft:crafted":{"craftingstation:crafting_station_slab":2,"minecraft:oak_planks":16,"minecraft:book":3,"minecraft:paper":9,"minecraft:crafting_table":2,"minecraft:stick":8,"minecraft:wooden_pickaxe":1,"minecraft:chest":1,"craftingstation:crafting_station":1,"minecraft:acacia_planks":12}},"DataVersion":3465}