{"stats":{"minecraft:picked_up":{"minecraft:bone":2,"minecraft:arrow":2,"minecraft:rotten_flesh":4,"minecraft:wheat_seeds":1,"minecraft:oak_log":4,"minecraft:oak_sapling":2,"minecraft:dirt":23},"minecraft:crafted":{"minecraft:chest":1,"minecraft:oak_planks":16,"minecraft:crafting_table":1},"minecraft:mined":{"minecraft:grass":6,"minecraft:grass_block":4,"minecraft:oak_log":4,"minecraft:dirt":17,"minecraft:tall_grass":1,"minecraft:oak_leaves":4},"minecraft:dropped":{"minecraft:dirt":2,"minecraft:oak_sapling":1},"minecraft:killed":{"minecraft:zombie":2},"minecraft:used":{"minecraft:dirt":18,"minecraft:crafting_table":1,"minecraft:chest":1},"minecraft:custom":{"minecraft:time_since_rest":61212,"minecraft:crouch_one_cm":75,"minecraft:sprint_one_cm":11079,"minecraft:play_time":61212,"minecraft:damage_taken":130,"minecraft:walk_one_cm":28320,"minecraft:sneak_time":227,"minecraft:mob_kills":3,"minecraft:drop":3,"minecraft:jump":113,"minecraft:damage_dealt":282,"minecraft:leave_game":6,"minecraft:time_since_death":61212,"minecraft:total_world_time":61212,"minecraft:interact_with_crafting_table":17,"minecraft:fall_one_cm":685,"minecraft:fly_one_cm":9508}},"DataVersion":3465}