{"stats":{"minecraft:killed":{"minecraft:zombie":2},"minecraft:picked_up":{"farmersdelight:rice":7,"minecraft:oak_log":4,"minecraft:dirt":33,"minecraft:bone":2,"minecraft:arrow":2,"minecraft:beetroot":1,"minecraft:rotten_flesh":4,"minecraft:beetroot_seeds":3,"minecraft:wheat_seeds":1,"farmersdelight:rope":3,"minecraft:oak_sapling":2,"minecraft:sugar_cane":10},"minecraft:mined":{"farmersdelight:wild_beetroots":3,"farmersdelight:sandy_shrub":1,"farmersdelight:wild_rice":8,"minecraft:grass":11,"minecraft:grass_block":7,"minecraft:oak_log":4,"farmersdelight:rope":3,"minecraft:dirt":24,"minecraft:tall_grass":2,"minecraft:sugar_cane":3,"minecraft:oak_leaves":4},"minecraft:used":{"farmersdelight:rope":8,"minecraft:chest":1,"minecraft:rotten_flesh":4,"minecraft:dirt":27,"minecraft:crafting_table":1,"minecraft:carrot":7},"minecraft:dropped":{"minecraft:dirt":2,"minecraft:oak_sapling":1},"minecraft:crafted":{"minecraft:oak_planks":16,"minecraft:crafting_table":1,"minecraft:chest":1},"minecraft:custom":{"minecraft:time_since_rest":81834,"minecraft:sprint_one_cm":51664,"minecraft:damage_taken":160,"minecraft:walk_one_cm":46992,"minecraft:mob_kills":3,"minecraft:drop":3,"minecraft:damage_dealt":282,"minecraft:swim_one_cm":1176,"minecraft:interact_with_crafting_table":22,"minecraft:fly_one_cm":75662,"minecraft:open_chest":2,"minecraft:crouch_one_cm":603,"minecraft:play_time":81834,"minecraft:sneak_time":1006,"minecraft:walk_under_water_one_cm":73,"minecraft:jump":398,"minecraft:leave_game":9,"minecraft:time_since_death":81834,"minecraft:walk_on_water_one_cm":1875,"minecraft:total_world_time":81834,"minecraft:fall_one_cm":6256}},"DataVersion":3465}