{"stats":{"minecraft:killed":{"minecraft:zombie":2,"minecraft:cow":2},"minecraft:picked_up":{"farmersdelight:rice":7,"minecraft:chest_minecart":1,"minecraft:leather":3,"minecraft:torch":14,"minecraft:oak_log":4,"minecraft:dirt":38,"minecraft:arrow":4,"minecraft:bone":3,"minecraft:rotten_flesh":4,"minecraft:beetroot":1,"farmersdelight:cooking_pot":1,"minecraft:activator_rail":1,"minecraft:beetroot_seeds":6,"minecraft:wheat_seeds":1,"minecraft:beef":5,"minecraft:golden_apple":1,"farmersdelight:rope":13,"minecraft:oak_sapling":2,"minecraft:sugar_cane":10,"minecraft:coal":6,"minecraft:rail":5},"minecraft:mined":{"farmersdelight:cooking_pot":1,"farmersdelight:wild_beetroots":3,"farmersdelight:sandy_shrub":1,"farmersdelight:wild_rice":8,"minecraft:grass":19,"minecraft:acacia_log":1,"minecraft:grass_block":9,"minecraft:oak_log":4,"farmersdelight:rope":13,"minecraft:dirt":27,"minecraft:tall_grass":3,"minecraft:sugar_cane":3,"minecraft:oak_leaves":4},"minecraft:used":{"minecraft:chest":1,"minecraft:rotten_flesh":4,"minecraft:dirt":27,"minecraft:crafting_table":1,"farmersdelight:cooking_pot":1,"minecraft:carrot":32,"farmersdelight:rope":27},"minecraft:dropped":{"minecraft:dirt":2,"minecraft:oak_sapling":1},"minecraft:crafted":{"minecraft:oak_planks":16,"minecraft:crafting_table":1,"minecraft:chest":1},"minecraft:custom":{"minecraft:time_since_rest":2203,"minecraft:sprint_one_cm":121258,"minecraft:damage_taken":700,"minecraft:walk_one_cm":69007,"minecraft:mob_kills":5,"minecraft:drop":3,"minecraft:damage_dealt":682,"minecraft:swim_one_cm":12396,"minecraft:interact_with_crafting_table":22,"minecraft:fly_one_cm":165752,"minecraft:open_chest":2,"minecraft:crouch_one_cm":603,"minecraft:play_time":98697,"minecraft:deaths":1,"minecraft:sneak_time":1271,"minecraft:walk_under_water_one_cm":5897,"minecraft:jump":827,"minecraft:leave_game":11,"minecraft:time_since_death":2171,"minecraft:walk_on_water_one_cm":4676,"minecraft:total_world_time":98697,"minecraft:fall_one_cm":18374}},"DataVersion":3465}