{"stats":{"minecraft:killed":{"minecraft:zombie":2,"minecraft:cow":2},"minecraft:picked_up":{"farmersdelight:rice":7,"minecraft:chest_minecart":1,"minecraft:leather":3,"minecraft:torch":14,"minecraft:oak_log":4,"minecraft:dirt":38,"minecraft:bone":3,"minecraft:arrow":4,"minecraft:beetroot":1,"minecraft:rotten_flesh":4,"farmersdelight:cooking_pot":1,"minecraft:activator_rail":1,"minecraft:beetroot_seeds":6,"minecraft:wheat_seeds":1,"minecraft:beef":5,"minecraft:golden_apple":1,"farmersdelight:rope":3,"minecraft:oak_sapling":2,"minecraft:sugar_cane":10,"minecraft:coal":6,"minecraft:rail":5},"minecraft:mined":{"farmersdelight:wild_beetroots":3,"farmersdelight:sandy_shrub":1,"farmersdelight:wild_rice":8,"minecraft:grass":15,"minecraft:acacia_log":1,"minecraft:grass_block":9,"minecraft:oak_log":4,"farmersdelight:rope":3,"minecraft:dirt":27,"minecraft:tall_grass":2,"minecraft:sugar_cane":3,"minecraft:oak_leaves":4,"farmersdelight:cooking_pot":1},"minecraft:used":{"farmersdelight:rope":8,"minecraft:chest":1,"minecraft:rotten_flesh":4,"minecraft:dirt":27,"minecraft:crafting_table":1,"farmersdelight:cooking_pot":1,"minecraft:carrot":28},"minecraft:dropped":{"minecraft:dirt":2,"minecraft:oak_sapling":1},"minecraft:crafted":{"minecraft:oak_planks":16,"minecraft:crafting_table":1,"minecraft:chest":1},"minecraft:custom":{"minecraft:time_since_rest":93834,"minecraft:sprint_one_cm":112442,"minecraft:damage_taken":460,"minecraft:walk_one_cm":62319,"minecraft:mob_kills":5,"minecraft:drop":3,"minecraft:damage_dealt":682,"minecraft:swim_one_cm":6261,"minecraft:interact_with_crafting_table":22,"minecraft:fly_one_cm":157482,"minecraft:open_chest":2,"minecraft:crouch_one_cm":603,"minecraft:play_time":93834,"minecraft:sneak_time":1152,"minecraft:walk_under_water_one_cm":166,"minecraft:jump":778,"minecraft:leave_game":9,"minecraft:time_since_death":93834,"minecraft:walk_on_water_one_cm":2791,"minecraft:total_world_time":93834,"minecraft:fall_one_cm":17329}},"DataVersion":3465}