{"stats":{"minecraft:picked_up":{"minecraft:rotten_flesh":2,"minecraft:oak_log":4,"minecraft:oak_sapling":2,"minecraft:dirt":16},"minecraft:mined":{"minecraft:grass":1,"minecraft:grass_block":2,"minecraft:oak_log":4,"minecraft:dirt":12,"minecraft:oak_leaves":4},"minecraft:dropped":{"minecraft:dirt":2,"minecraft:oak_sapling":1},"minecraft:crafted":{"minecraft:chest":1,"minecraft:oak_planks":16,"minecraft:crafting_table":1},"minecraft:used":{"minecraft:dirt":10,"minecraft:crafting_table":1,"minecraft:chest":1},"minecraft:custom":{"minecraft:time_since_rest":25145,"minecraft:crouch_one_cm":75,"minecraft:sprint_one_cm":342,"minecraft:play_time":25145,"minecraft:walk_one_cm":7011,"minecraft:sneak_time":205,"minecraft:drop":3,"minecraft:jump":26,"minecraft:leave_game":5,"minecraft:time_since_death":25145,"minecraft:total_world_time":25145,"minecraft:interact_with_crafting_table":17,"minecraft:fly_one_cm":28}},"DataVersion":3465}