{"stats":{"minecraft:custom":{"minecraft:time_since_rest":8767,"minecraft:sprint_one_cm":132578,"minecraft:damage_taken":740,"minecraft:walk_one_cm":79475,"minecraft:mob_kills":6,"minecraft:drop":3,"minecraft:damage_dealt":982,"minecraft:swim_one_cm":12396,"minecraft:interact_with_crafting_table":23,"minecraft:fly_one_cm":174619,"minecraft:open_chest":2,"minecraft:crouch_one_cm":624,"minecraft:play_time":105261,"minecraft:deaths":1,"minecraft:sneak_time":1321,"minecraft:walk_under_water_one_cm":5897,"minecraft:jump":911,"minecraft:leave_game":12,"minecraft:time_since_death":8735,"minecraft:walk_on_water_one_cm":5274,"minecraft:total_world_time":105261,"minecraft:fall_one_cm":20463},"minecraft:used":{"craftingstation:crafting_station_slab":7,"craftingstation:crafting_station":1,"minecraft:chest":1,"minecraft:rotten_flesh":4,"minecraft:dirt":27,"minecraft:crafting_table":2,"farmersdelight:cooking_pot":1,"minecraft:carrot":39,"farmersdelight:rope":27},"minecraft:killed":{"minecraft:zombie":2,"minecraft:turtle":1,"minecraft:cow":2},"minecraft:mined":{"farmersdelight:cooking_pot":1,"farmersdelight:wild_beetroots":3,"farmersdelight:sandy_shrub":1,"craftingstation:crafting_station_slab":5,"farmersdelight:wild_rice":8,"minecraft:crafting_table":1,"minecraft:grass":33,"minecraft:acacia_log":1,"minecraft:grass_block":9,"minecraft:oak_log":4,"farmersdelight:rope":13,"minecraft:dirt":27,"minecraft:tall_grass":4,"minecraft:sugar_cane":3,"minecraft:oak_leaves":4,"craftingstation:crafting_station":1},"minecraft:dropped":{"minecraft:dirt":2,"minecraft:oak_sapling":1},"minecraft:picked_up":{"minecraft:seagrass":1,"minecraft:crafting_table":1,"farmersdelight:rice":7,"minecraft:chest_minecart":1,"minecraft:leather":3,"minecraft:torch":14,"minecraft:oak_log":4,"minecraft:dirt":38,"craftingstation:crafting_station_slab":6,"craftingstation:crafting_station":1,"minecraft:arrow":4,"minecraft:bone":3,"minecraft:rotten_flesh":4,"minecraft:beetroot":1,"farmersdelight:cooking_pot":1,"minecraft:activator_rail":1,"minecraft:beetroot_seeds":6,"minecraft:wheat_seeds":1,"minecraft:beef":5,"minecraft:golden_apple":1,"farmersdelight:rope":13,"minecraft:oak_sapling":2,"minecraft:sugar_cane":10,"minecraft:coal":6,"minecraft:rail":5},"minecraft:crafted":{"craftingstation:crafting_station_slab":2,"minecraft:oak_planks":16,"minecraft:book":3,"minecraft:paper":9,"minecraft:crafting_table":2,"minecraft:chest":1,"craftingstation:crafting_station":1}},"DataVersion":3465}