{"stats":{"minecraft:custom":{"minecraft:time_since_rest":21237,"minecraft:crouch_one_cm":73,"minecraft:sprint_one_cm":342,"minecraft:play_time":21237,"minecraft:walk_one_cm":6063,"minecraft:sneak_time":11,"minecraft:drop":3,"minecraft:jump":21,"minecraft:leave_game":4,"minecraft:time_since_death":21237,"minecraft:total_world_time":21237,"minecraft:interact_with_crafting_table":9,"minecraft:fly_one_cm":28},"minecraft:mined":{"minecraft:grass":1,"minecraft:grass_block":1,"minecraft:oak_log":4,"minecraft:dirt":9,"minecraft:oak_leaves":4},"minecraft:picked_up":{"minecraft:rotten_flesh":2,"minecraft:oak_log":4,"minecraft:oak_sapling":2,"minecraft:dirt":12},"minecraft:crafted":{"minecraft:oak_planks":16,"minecraft:crafting_table":1},"minecraft:dropped":{"minecraft:dirt":2,"minecraft:oak_sapling":1},"minecraft:used":{"minecraft:dirt":7,"minecraft:crafting_table":1}},"DataVersion":3465}