{"stats":{"minecraft:picked_up":{"minecraft:arrow":2,"minecraft:bone":2,"minecraft:rotten_flesh":4,"minecraft:wheat_seeds":1,"minecraft:oak_log":4,"minecraft:oak_sapling":2,"minecraft:dirt":27},"minecraft:crafted":{"minecraft:chest":1,"minecraft:oak_planks":16,"minecraft:crafting_table":1},"minecraft:mined":{"minecraft:grass":10,"minecraft:grass_block":7,"minecraft:oak_log":4,"minecraft:dirt":18,"minecraft:tall_grass":2,"minecraft:oak_leaves":4},"minecraft:dropped":{"minecraft:dirt":2,"minecraft:oak_sapling":1},"minecraft:killed":{"minecraft:zombie":2},"minecraft:used":{"minecraft:dirt":21,"minecraft:crafting_table":1,"minecraft:chest":1},"minecraft:custom":{"minecraft:open_chest":2,"minecraft:time_since_rest":71160,"minecraft:damage_taken":150,"minecraft:play_time":71160,"minecraft:crouch_one_cm":463,"minecraft:sprint_one_cm":16085,"minecraft:walk_one_cm":33799,"minecraft:sneak_time":964,"minecraft:mob_kills":3,"minecraft:drop":3,"minecraft:jump":159,"minecraft:damage_dealt":282,"minecraft:leave_game":7,"minecraft:time_since_death":71160,"minecraft:total_world_time":71160,"minecraft:interact_with_crafting_table":22,"minecraft:fall_one_cm":1925,"minecraft:fly_one_cm":13224}},"DataVersion":3465}